book_id,title,author,genre,year_published,quantity,language,page_number
BK0001,Family Answer,Joseph Gonzales,Historical Fiction,2001,14,Chinese,171
BK0002,Stage Language Sit,Douglas Mitchell,Romance,1954,16,Chinese,162
BK0003,Down Indicate,Gerald Miles,Science,1902,24,Hindi,341
BK0004,Specific Board,Randy Aguilar,Thriller,1968,26,Japanese,320
BK0005,Phone Spring Cold,Sarah Hester,Art,1929,11,Arabic,531
BK0006,By Same Body Worry,Matthew Hall,Technology,1978,29,Chinese,357
BK0007,Certainly Three Hope,Kimberly Baker,Cookbook,2012,7,Norwegian,535
BK0008,Court Movement,Philip Lee,Drama,2011,4,Russian,286
BK0009,Race Rock,Penny Lam,Adventure,1924,22,Turkish,154
BK0010,College Be,Christine Evans,Folklore,1930,24,German,584
BK0011,Outside New Party,Justin Campbell,Drama,1933,1,French,574
BK0012,Particular,Gerald Phillips,Art,1931,26,Chinese,384
BK0013,Buy Smile,Nicholas Donaldson,Art,1998,8,Hindi,327
BK0014,Fight Evening,Jeff Ross,Historical Fiction,1944,5,Italian,317
BK0015,Available Forget Walk,Tony Hale,Philosophy,1988,3,German,254
BK0016,Go Health Major,Terry Griffin,Technology,1909,13,Turkish,455
BK0017,Five,Robert Taylor,Fantasy,1931,5,Hindi,117
BK0018,People Cost Article,William Love,Adventure,1993,6,French,174
BK0019,By Perhaps,Jason Bradshaw,Thriller,1914,29,Hindi,342
BK0020,Religious Citizen,Bruce Hanna,Romance,1910,11,Russian,429
BK0021,Actually Simply Season,Trevor Caldwell,Mythology,1970,10,English,411
BK0022,Be Clearly,Alexander Whitaker,Religion,1986,21,Portuguese,180
BK0023,Save Around,Tara Harris,Thriller,2006,4,Japanese,295
BK0024,Bring Risk,Daniel Fletcher,Fantasy,1979,13,Portuguese,187
BK0025,Campaign Recognize,Jamie White,Philosophy,1902,9,Japanese,259
BK0026,Bad Final,Melinda Peters,Adventure,1901,20,Hindi,222
BK0027,Key,Candace Martin,Religion,1980,19,German,414
BK0028,My Each,Valerie Green,History,1971,24,German,266
BK0029,Technology Their Ground Very,Ryan Hoffman,Technology,2020,30,Italian,114
BK0030,Past Wide,David Franco,Fantasy,1991,26,French,598
BK0031,Matter Friend Beyond,Ralph Poole,Mystery,1927,4,Chinese,303
BK0032,Record Price Clearly It,Arthur Phillips,Cookbook,2017,19,Spanish,316
BK0033,Agree Growth,Michael Scott,Religion,1982,3,Arabic,583
BK0034,Model Happy,Anita Pena,Mythology,1916,28,English,324
BK0035,Long Unit,Omar Horton,Religion,1981,11,Turkish,165
BK0036,Force Interest Account,Alyssa Wang,Philosophy,1905,24,Russian,513
BK0037,Card Today Appear,Angela Dunn,Religion,1971,16,French,244
BK0038,Their Drop,Julie York DDS,Physics,1906,29,German,537
BK0039,Mean,Amanda Smith,Historical Fiction,2005,4,Norwegian,574
BK0040,Admit Debate,Lori Snow,Science,1971,1,English,523
BK0041,Resource Performance According,Robert Watkins,Mythology,1907,10,Arabic,280
BK0042,Guy Culture Very,Manuel Crane,Fantasy,1981,4,Norwegian,593
BK0043,High Easy Best Dark,Daniel Ballard,Art,1993,6,English,237
BK0044,Benefit Rule Small,Dr. Tammy Mcbride PhD,History,1908,15,Norwegian,352
BK0045,Property Threat But Pattern,Vernon Washington,Fantasy,2018,14,Italian,369
BK0046,Fish Turn Later,Nancy Wright,Thriller,2023,20,English,573
BK0047,Most Able Much,Michael Kim,Romance,1990,24,Portuguese,588
BK0048,Today Science Resource,Jason Beck,Religion,1910,10,Italian,436
BK0049,Entire Class Water,Denise Ball,Philosophy,1916,30,German,490
BK0050,Light Now Across Concern,Benjamin Rogers,Historical Fiction,1961,9,Japanese,122
BK0051,Impact Travel Seven,George Mitchell,Physics,1999,18,Arabic,116
BK0052,Include During South,Joanna Hayes,Cookbook,1914,17,Portuguese,128
BK0053,Need,Eric Ruiz,Science,1929,8,French,594
BK0054,Form Production Professional,Michelle Miller,Mystery,1979,30,French,377
BK0055,Thank Front,Gregory Sullivan,Philosophy,1963,22,Spanish,268
BK0056,Dark,Cheyenne Rosario,Drama,1978,28,Portuguese,188
BK0057,Detail As Oil Well,Russell Cruz,Physics,1908,4,Russian,142
BK0058,Happen Hope Less Guess,Elizabeth Johnson,Thriller,1918,23,English,308
BK0059,Security Model Consumer,Shawn Wilson,Physics,1920,20,Arabic,403
BK0060,City Minute Letter,Anthony Steele,Religion,1966,21,Portuguese,104
BK0061,Standard Relate,Christina Cook,Science,1964,20,Russian,288
BK0062,Before Computer Test,Elizabeth Garcia,Mythology,1926,20,German,373
BK0063,Front Event,Laura Dean,Science,1982,2,Russian,552
BK0064,Family Determine Officer,Clayton Richardson,Cookbook,1924,25,Italian,367
BK0065,Support Involve Despite,Shaun Hernandez,Art,1983,5,Italian,142
BK0066,Plan,Brian Wyatt,Art,1977,6,Turkish,587
BK0067,Real Type,Ronald Williams,Religion,1963,23,German,572
BK0068,Subject Our Affect,Stephanie Griffith,Philosophy,1979,11,Russian,191
BK0069,Member Everything Person Stock,Vanessa Gonzalez,Fantasy,1938,14,German,130
BK0070,Discuss,Ashley Rivera,Thriller,1964,30,Arabic,392
BK0071,Tax News Very Cause,Shari Ward,Religion,1920,13,Portuguese,537
BK0072,Interesting Stuff,Gloria Thompson,Technology,1942,22,French,439
BK0073,Behind Management,Daniel Smith,Adventure,1906,24,Arabic,188
BK0074,Painting Process Contain,Kevin Allen,Historical Fiction,1920,11,Chinese,581
BK0075,Real Office Other,Natasha Vargas,Science,2001,13,Norwegian,572
BK0076,Region Couple,Sean Lopez,Folklore,1994,5,Russian,547
BK0077,Son Care Stock,Leonard Johnson,Adventure,1966,8,Turkish,486
BK0078,Dinner,Michael Caldwell,Drama,1977,21,Chinese,411
BK0079,Go Through,Jason Green,Thriller,1923,20,Arabic,498
BK0080,Let Safe Change,Jennifer Gallegos,Philosophy,1952,3,English,186
BK0081,Bed Southern Call,Paul Kirby,Thriller,1981,24,Norwegian,328
BK0082,Follow Moment Appear Sea,Wendy Sparks,Historical Fiction,1920,25,Norwegian,280
BK0083,Much Sometimes,Courtney Huffman,Thriller,1908,8,Arabic,301
BK0084,Prove,Robert Clements,Historical Fiction,1953,15,Portuguese,405
BK0085,Color There,Kevin Greer,Philosophy,1900,4,Spanish,331
BK0086,Recent Kitchen Which,Jennifer Nguyen,Fantasy,2008,18,Japanese,589
BK0087,It History Sister Raise,Wayne Cohen,Folklore,1926,15,Portuguese,183
BK0088,Really World Growth,Chad Wade,Religion,1996,4,Hindi,279
BK0089,Live Collection Company Raise,Jane Brady,Drama,2008,8,Russian,178
BK0090,Life Special Treat,Connie Brown,Cookbook,1981,21,Turkish,418
BK0091,Body Door Protect,Denise Ellison,Drama,1989,14,Hindi,555
BK0092,Really President Senior,Lisa Perez,Romance,1987,7,Turkish,115
BK0093,Cover,Allison Cisneros,Drama,1950,27,Hindi,531
BK0094,More,Mr. Anthony Alexander,Cookbook,1932,17,Spanish,482
BK0095,Forward,Nancy Lamb,Historical Fiction,1992,6,Hindi,113
BK0096,Responsibility Contain,Melissa Evans,Science,1910,3,Chinese,518
BK0097,Item Style,Amanda Williams,Romance,1954,25,French,198
BK0098,Move Assume,Andrew Harrison,Thriller,2003,6,Italian,320
BK0099,Concern West,Kelly Reese,Cookbook,2002,28,French,157
BK0100,Nation Rich Land Theory,Jo Moran,Fantasy,1997,2,Chinese,160
BK0101,Economic Sometimes Thousand,Colton Schroeder,Cookbook,2011,7,Portuguese,584
BK0102,Want,Mrs. Jessica Brown,Philosophy,1931,3,Chinese,433
BK0103,Who Mouth Season,Matthew Holt,Mythology,1952,22,Spanish,168
BK0104,Project Different,Bruce Hughes,Adventure,1926,28,Hindi,375
BK0105,Parent,Marvin Garrison,Art,1918,19,Spanish,464
BK0106,Top Street Effect Save,James Davis,Technology,1944,22,Italian,500
BK0107,Person Economic Section,Dennis Banks,Art,1917,16,Hindi,312
BK0108,Inside,Lisa Dawson,Fantasy,1974,8,Portuguese,186
BK0109,Can Writer,James Mccarthy,Romance,1934,18,English,409
BK0110,Whatever Couple Financial,Lori Simon,Mythology,1909,17,Arabic,224
BK0111,Event What,John Lopez,Adventure,1964,5,Chinese,518
BK0112,State,Rachel Blackwell,Science,1917,19,Spanish,560
BK0113,Bar Power Parent,Carrie Velasquez,Fantasy,1911,19,Portuguese,323
BK0114,Here,Deanna Best,Philosophy,1960,25,Chinese,332
BK0115,Weight Still Best,Lacey Thomas,Romance,1960,18,Norwegian,258
BK0116,Which Economy,Karen Brooks,Art,1992,30,Norwegian,228
BK0117,Democrat Drive,Debra Barrett,Science,1945,7,Spanish,212
BK0118,Finish Possible Commercial,Stephen Morales,Historical Fiction,1991,10,Spanish,598
BK0119,Tell Staff Research,Michael Fitzpatrick,Technology,1994,8,Japanese,150
BK0120,Despite Guess Our,Michael Hatfield,Drama,1996,25,Portuguese,458
BK0121,Better Democrat Item,Elizabeth Powell,Art,1984,28,Russian,275
BK0122,Simply Public,Matthew Johnson,Romance,1922,30,Spanish,294
BK0123,Opportunity Movement Relationship National,Aaron Rice,Mystery,1994,15,Russian,382
BK0124,Individual Key Top,Amber Young,Romance,1978,30,Chinese,309
BK0125,Term Which,Karina Moon,Mythology,1928,7,Norwegian,549
BK0126,Of,Jason Dunn,Religion,1933,16,French,508
BK0127,Decide Society,Richard Williams,Romance,1919,27,Japanese,423
BK0128,Information Apply,Sarah Clarke,Historical Fiction,1954,20,Turkish,315
BK0129,Might Affect,Jean Gonzalez DVM,Thriller,1942,24,Portuguese,488
BK0130,Heavy Red,Erik Lopez,Cookbook,1962,20,Russian,439
BK0131,Film Know Family,Clifford Buchanan,Drama,1989,6,Japanese,387
BK0132,Room Rise Development,Teresa Kennedy,Science,1913,24,Italian,470
BK0133,That,Rachel Wise,History,2007,2,Norwegian,567
BK0134,More See,Gabrielle Molina,Philosophy,1927,7,Portuguese,123
BK0135,Name,Joseph Salinas,Mythology,1910,2,Turkish,151
BK0136,Imagine Important,Brianna Lewis,Religion,1924,10,Norwegian,457
BK0137,Fine Throughout City,Nathan Taylor,Romance,1906,27,Portuguese,177
BK0138,Reduce Alone,Kristin Johnson,Mythology,1971,22,English,283
BK0139,Listen,Jane Thompson,Mythology,1941,8,Russian,166
BK0140,Term Stand Party,Jeffrey Doyle,Religion,1932,13,Arabic,162
BK0141,But Into,Kyle Jimenez,Philosophy,1963,14,Italian,436
BK0142,Range Allow,Patrick Williams,Mythology,1968,2,Arabic,303
BK0143,Middle Enough Career,Cameron Gallegos,Historical Fiction,1906,20,Spanish,524
BK0144,Get Music There,Derek Barnett,Cookbook,1920,19,Chinese,198
BK0145,Leave Hand,Robin Perez,Romance,1928,17,English,227
BK0146,Fund Behind,Connie Rhodes,Historical Fiction,1933,1,Russian,231
BK0147,Region Sense South,Catherine Gregory,History,1916,5,Japanese,361
BK0148,Which Several,George Hernandez,Technology,1982,17,French,115
BK0149,Better Go,Ray Wall,Religion,1970,28,Norwegian,195
BK0150,Girl Rich Everyone,Gina Williams,Folklore,2018,12,Arabic,229
BK0151,Strong National Memory,John Norris,Drama,1912,11,Spanish,257
BK0152,Whose Man,Annette Obrien,Romance,1939,30,German,322
BK0153,Billion,Johnny Cooper,Technology,2010,4,Japanese,499
BK0154,Blue Computer Speech,Katherine Wang,Romance,1949,4,French,225
BK0155,Concern Artist,Jessica Robertson,Cookbook,1913,15,Chinese,551
BK0156,Standard Writer Feel,Ariel Phillips,Technology,1985,11,Arabic,396
BK0157,Themselves Newspaper,John Mccoy,Physics,1943,10,Arabic,320
BK0158,Full Full Minute,Dr. David Curry DDS,Fantasy,2008,16,Arabic,553
BK0159,Response Market,Jordan Miller,Religion,1909,23,Chinese,168
BK0160,Enough Probably Word,Sara Ramos,Religion,1989,3,Russian,256
BK0161,Moment Prevent Treat,Taylor Mercer,Drama,2021,7,Portuguese,260
BK0162,Must Follow Will,Samantha Hubbard,History,1989,10,Chinese,100
BK0163,Center Almost Trouble,Michaela Wyatt,Philosophy,1968,9,Chinese,548
BK0164,Cup Watch Such Choose,James Mccall,Drama,1948,4,Turkish,180
BK0165,Case Apply On,Jennifer Thomas,Science,2006,17,Italian,145
BK0166,After Next,Teresa Bright,Thriller,1932,22,Italian,457
BK0167,Least,Kenneth Wood,Fantasy,2014,13,French,586
BK0168,Until Relate,Jennifer Wheeler,Cookbook,1983,27,French,250
BK0169,Billion Happen,Michael Baker,History,1939,26,Japanese,398
BK0170,Concern Ask Enjoy,Mary Grant,Thriller,2002,12,French,249
BK0171,Positive His,Stacy Williams,Romance,1981,5,Turkish,245
BK0172,Fact Power,Mary Sanders,Philosophy,1910,6,Chinese,203
BK0173,Them Operation Hope,Tyler Terry,Religion,1987,14,Chinese,281
BK0174,Receive Short So,Megan Hall DVM,Mythology,2019,23,Portuguese,164
BK0175,Guess,Kara Johnson,Mystery,1924,18,Chinese,443
BK0176,Difference Ten,Kenneth Foster,Technology,1997,10,Italian,398
BK0177,Result Beautiful,Regina Burke,Thriller,1953,24,Portuguese,526
BK0178,Personal Carry,David Joseph,Thriller,2000,8,Italian,564
BK0179,Rise,Lisa Soto,Romance,2003,24,French,266
BK0180,Thousand Central Science,Ashley Moore,Adventure,1999,6,English,481
BK0181,Edge Send,Rebecca King,Thriller,1946,22,Turkish,518
BK0182,Response Traditional,Mr. David Leonard Jr.,Technology,1988,8,Spanish,444
BK0183,Majority Still Material,Brooke Friedman,Historical Fiction,1947,7,Hindi,378
BK0184,Also Rule Fill,Christopher Walker,Physics,1930,30,Arabic,117
BK0185,Generation Her,Brandy Brown,Mystery,1953,26,Norwegian,228
BK0186,Nothing Believe Public,Tony Juarez,Romance,1984,2,Norwegian,579
BK0187,Different Range,Courtney Johnson,Science,1923,20,Turkish,129
BK0188,Animal,Helen Keller,Science,1956,6,Turkish,127
BK0189,Contain Process,Scott Bradley,Cookbook,1969,9,English,466
BK0190,Training,Larry Walters,Philosophy,1958,14,Japanese,107
BK0191,Government Hair Play,Michael Bush,Drama,2017,19,Russian,470
BK0192,Include Provide Yeah,Carolyn Camacho,Mythology,1950,6,German,126
BK0193,Value Dinner,David Johnson,Fantasy,1969,18,Arabic,491
BK0194,Military Station,Robert Bell,Physics,2013,13,Arabic,563
BK0195,Every Economic The,Alexander Johnson,Historical Fiction,1989,6,French,229
BK0196,College Debate,Ashley Mcknight,History,1922,4,German,383
BK0197,Source Mean If,Tonya Anderson,Cookbook,1925,15,Norwegian,146
BK0198,President Alone Than,William Thompson,Physics,1904,7,Turkish,145
BK0199,Rich Nation Newspaper,Jessica Williams,Romance,1910,19,Spanish,409
BK0200,Official Really,Linda Bean,Adventure,1937,3,Hindi,489
BK0201,Authority Miss Understand,Jeffery Clarke,Folklore,1908,15,Japanese,121
BK0202,Be Its Officer,Kyle Perry,Technology,1939,16,Hindi,397
BK0203,Grow Act,Lynn Bruce,Fantasy,1942,14,Japanese,595
BK0204,Matter Effect Story,Joshua Moore,Fantasy,1981,26,Italian,430
BK0205,Want Can Assume,William Caldwell,History,2018,15,Turkish,453
BK0206,Author Few,Charles Simpson,Drama,2021,23,Spanish,345
BK0207,There Activity Big,Brittany Murray,Historical Fiction,1933,27,Portuguese,343
BK0208,Where Next Take,Bryan Schmidt,Fantasy,1983,20,Chinese,483
BK0209,Score Under,Nicole Moore,Mystery,1915,20,Spanish,281
BK0210,Own Pattern End,Paige Gutierrez,Historical Fiction,1964,24,English,589
BK0211,System,Darryl Russo,Folklore,2008,13,Turkish,380
BK0212,Minute Everything,Michael Duncan,Adventure,1947,13,Chinese,100
BK0213,Able Mrs,Krista Martinez,Religion,1971,30,French,583
BK0214,Risk Sign,Pamela Roach,Romance,1959,13,French,599
BK0215,Similar Building Again,Julie White,History,2015,18,Hindi,401
BK0216,Common Too Inside,Wendy Martin,Mystery,2004,13,Turkish,406
BK0217,Around,John Jones,Adventure,1939,4,Turkish,391
BK0218,Property Social,Steven Matthews,Thriller,1997,12,German,192
BK0219,Among,Connie Cortez,Science,1995,18,Hindi,396
BK0220,Great,Jeremiah Thompson MD,Science,1900,18,Chinese,534
BK0221,Piece Mean Him,David Wolf,Mythology,1992,25,Turkish,587
BK0222,Magazine Small Subject,Brenda Diaz,Physics,1961,3,Japanese,522
BK0223,Maybe Month Member,Jessica Beltran,Folklore,1947,18,Spanish,347
BK0224,Reveal,Thomas Wilson,Cookbook,1915,2,Portuguese,335
BK0225,Media Southern,Monica Roy,Romance,1984,13,Spanish,124
BK0226,Prevent Yeah Film,Katherine Bautista,History,1921,10,Hindi,132
BK0227,Defense Name Trip,Alexandria Logan,Science,1912,1,Russian,202
BK0228,Science Watch Network,Wendy Roberts,Philosophy,1901,9,Hindi,487
BK0229,Subject Former Including,Melissa Willis,Art,1925,25,English,599
BK0230,Degree Reduce,Jacqueline Knapp,Romance,1982,28,Japanese,308
BK0231,Happen So,Robert Morris,Drama,1907,23,French,453
BK0232,From Section Again,Amanda Cook,Science,1904,18,Norwegian,583
BK0233,Before Artist,Jacob Wallace,Religion,1912,30,Portuguese,459
BK0234,Practice Study Today,Jacob Hopkins,Technology,1917,26,English,329
BK0235,Lay Risk,Allen Alexander,Drama,1939,17,English,242
BK0236,Today Word,Aaron Stanton,Adventure,2018,10,Spanish,325
BK0237,Peace Out,Jamie Morris,Mystery,2023,10,Portuguese,482
BK0238,Group Decade,Julie Thomas,Technology,1921,5,Japanese,541
BK0239,Lose,Christie Baker,Philosophy,1936,27,Italian,102
BK0240,Around,Angelica Miller,Art,1931,22,Russian,197
BK0241,Themselves Adult Situation,Craig Gordon,Drama,1986,16,Hindi,170
BK0242,Worker Again,Andrew Mullins,History,1952,14,Arabic,583
BK0243,Order Side Pressure,Sherri Patterson,Adventure,2003,4,German,159
BK0244,Program Vote,Paul Gentry,Philosophy,1977,1,Italian,477
BK0245,Do Rich Blue,Tracy Robinson,Mystery,2006,17,Norwegian,510
BK0246,None Discussion,Carrie Mack,Technology,1930,20,English,319
BK0247,Once Quality Other,Madison Daniels,Romance,1976,30,French,554
BK0248,Time Worry Class,Anthony Day,Physics,1919,1,Hindi,568
BK0249,Home Edge,Amanda Johnson,Art,1999,24,Spanish,260
BK0250,Thus Financial Lawyer,Lonnie Little,Religion,1922,12,Portuguese,599
BK0251,Yard,Joshua Ramos,Science,1961,23,Spanish,233
BK0252,Including Be Gun,Christopher Henry,Philosophy,1928,23,German,160
BK0253,Race Identify Push,Anthony Oneill,Thriller,2011,15,Spanish,282
BK0254,Serve Through,Jenna Rodriguez,Romance,1985,23,Hindi,564
BK0255,Record Such,James Acevedo,Adventure,1908,29,Arabic,251
BK0256,Manager Board While,John Reed,Mythology,1940,5,French,339
BK0257,Manage Growth Who,Rhonda Salinas,Drama,2012,29,Spanish,289
BK0258,Anyone Activity,Aaron Davis,History,1937,8,English,414
BK0259,Since Newspaper Accept Happen,Maria Perez,Fantasy,2002,4,French,279
BK0260,Sport Marriage,Micheal Hopkins,Drama,1942,16,German,318
BK0261,Claim Agreement Light,James Owens,History,1956,2,Hindi,186
BK0262,Television Type,Brittany Hill,Cookbook,1947,20,Spanish,113
BK0263,Green Pull,Taylor Garcia,Drama,1918,21,Turkish,585
BK0264,Past Consumer,Anthony Ruiz,Technology,1933,22,Turkish,569
BK0265,Minute Skill,Bridget Young,Mythology,2008,30,Hindi,384
BK0266,President Part,Jay Mclaughlin,History,2007,1,Chinese,209
BK0267,Participant Election Most,Barbara Edwards,Mystery,1983,15,German,255
BK0268,Heart Our Federal,Sara Ford,Historical Fiction,1931,12,Turkish,428
BK0269,Especially Final,Michael Campbell,Science,1917,22,Portuguese,434
BK0270,Result Life West,Rachel Martin,Historical Fiction,1905,17,Norwegian,351
BK0271,Can Born,Lisa Holmes,Historical Fiction,1967,21,Russian,215
BK0272,Democratic Suffer,Karen Ellis,Mythology,1966,1,Spanish,359
BK0273,Heavy Receive Part,Diana Green,Science,1926,24,French,313
BK0274,Around Break,Emily Roberts,Religion,1968,26,Norwegian,268
BK0275,Opportunity Here,Terry Owens,Art,1914,1,Italian,277
BK0276,Charge Spend Bit Institution,Kayla Oliver,Philosophy,1936,7,Japanese,300
BK0277,Owner Determine Owner,Ashlee Chambers,History,1983,4,German,174
BK0278,White Fish Company,Denise James,Mythology,2012,13,English,216
BK0279,Teach Consider,Sherri Berg,Romance,1958,14,Russian,495
BK0280,Section Operation Site,Jason Meyer,Mystery,1915,5,Hindi,306
BK0281,Son Likely,Amy Anderson,Historical Fiction,1943,23,Russian,528
BK0282,Other Eight,Benjamin Moran,Mythology,1921,27,English,174
BK0283,Month Page,Latasha Mckenzie,Adventure,1930,4,Arabic,572
BK0284,Side Four General,Trevor Jackson,Romance,1973,4,Spanish,276
BK0285,Far Sure,Alejandro Graham,Physics,1997,10,Hindi,242
BK0286,State Growth,Ashley Chapman,Technology,1938,18,Italian,596
BK0287,Else Writer,Patrick Martinez,Physics,1931,9,Chinese,158
BK0288,Ten Form Record,Melissa Castillo,Thriller,1991,14,Turkish,485
BK0289,Might Piece,Elizabeth Haynes,Art,1944,28,German,190
BK0290,Idea Prevent,Jeremy Walker,Thriller,1969,15,Japanese,229
BK0291,Able,Jacob Nunez,Romance,2004,8,German,142
BK0292,Sing,Cynthia Davis,Adventure,1918,7,Russian,330
BK0293,Believe Fine Past,Brenda Moore,Religion,1930,8,German,128
BK0294,Size Crime,Kelsey Baldwin,Religion,1984,12,Russian,417
BK0295,Course Your,Ryan Nichols DDS,History,2007,16,Spanish,199
BK0296,Structure Exactly Official,Brian Lee,Technology,1987,5,Japanese,560
BK0297,Benefit Middle Good Home,Mrs. Christina Cameron,Philosophy,2023,14,Portuguese,522
BK0298,Find Line For,Steven Thomas,Mystery,1943,21,English,480
BK0299,Send Fear Eat Already,Jason Stafford,Art,1949,13,Chinese,259
BK0300,Floor Fact Understand,Valerie Lopez,Physics,1998,11,Chinese,539
BK0301,Both Per,Steven Robinson,Historical Fiction,1980,28,Chinese,594
BK0302,Hotel Especially Political,Kenneth Campbell,Historical Fiction,1918,22,Norwegian,355
BK0303,Again Organization Unit Half,Donald Higgins,History,1955,10,Turkish,437
BK0304,Drug She Whatever,Joshua Morgan,Religion,1955,10,German,510
BK0305,Already Design Check,Valerie Merritt,Romance,1901,7,Arabic,161
BK0306,Charge Already Condition,William Allison,Drama,1967,24,Russian,236
BK0307,Feel,Mary Rowland,Fantasy,1932,11,Portuguese,529
BK0308,Author Without Usually,Gregory Freeman,Romance,1961,3,Russian,480
BK0309,Account Civil Treatment,Casey Griffin,Art,1980,6,Chinese,351
BK0310,Worry Company Fly,Anne Garrison,Physics,2023,3,Italian,573
BK0311,Feeling South Change Major,Jesus West,Historical Fiction,1962,19,Italian,473
BK0312,Success Factor Alone With,Jordan Garner,Cookbook,1920,17,Spanish,586
BK0313,Sound Inside,Michael Bowman,Historical Fiction,1927,20,Arabic,458
BK0314,Section Pretty,Michelle Cobb,Philosophy,2011,16,Russian,246
BK0315,Yet Every,Barbara Silva,Cookbook,1999,30,Italian,410
BK0316,Down Station,Tamara Mccarty,Technology,1952,28,Arabic,415
BK0317,Movie,Gerald Lewis,Religion,1957,14,French,420
BK0318,Executive Other,Kristie Willis,Folklore,1932,12,Hindi,106
BK0319,Short Not,Annette Harrington,Mythology,1957,8,Spanish,132
BK0320,Eat Close Research,Sarah Gonzalez,Mystery,2012,30,English,271
BK0321,Kitchen Individual Enter Agreement,Lisa Meyers,Adventure,1945,30,Arabic,430
BK0322,Opportunity Right List,Corey Wade,Adventure,2013,8,Arabic,582
BK0323,Into Opportunity Determine,Meagan Smith,Romance,1902,25,Turkish,229
BK0324,Between Cup Think,John Bautista,Mythology,1926,28,German,530
BK0325,Finish Grow,Brittney Brown,Folklore,1905,17,English,477
BK0326,Door Past Blue,Mary Hurst,Mythology,1903,15,Turkish,335
BK0327,Base Rich Outside,Kenneth Jackson,Art,1996,19,Hindi,223
BK0328,Option Live Same,Tammy Perkins,Fantasy,1975,10,English,539
BK0329,Wear Southern Difficult,Angel Fletcher,Art,1962,17,French,209
BK0330,Total Individual Put Former,Kristen Romero,Mythology,1962,10,Turkish,199
BK0331,Mother None Owner,Erica Ramirez,History,1959,26,German,192
BK0332,Ability First Religious,Kelly Robbins,Physics,1998,10,Arabic,566
BK0333,Specific Movement Rate,David Hall,Adventure,2014,26,Spanish,256
BK0334,Nice,Chris Herring,Physics,1977,27,Chinese,591
BK0335,Make His,Darryl Barry,Fantasy,1954,20,Arabic,204
BK0336,Authority Land,Jessica Spence,Drama,2002,17,Italian,395
BK0337,Point Nation Actually Particularly,Jennifer Jones,Drama,1957,21,Norwegian,139
BK0338,Agreement Protect,Elizabeth Johnson,Art,2008,14,Portuguese,468
BK0339,Get Movie,Mark Jones,Mystery,1936,13,Arabic,363
BK0340,Maintain,Dylan Vang,Science,1925,25,Turkish,404
BK0341,School,Bruce Rogers,Folklore,1964,18,French,128
BK0342,You Teach Rise,Raymond Mitchell,Art,1916,9,Spanish,136
BK0343,Performance Piece Everything,Carol Weber,Thriller,1983,16,Spanish,494
BK0344,Ask History Measure,Richard Ramirez,Fantasy,1911,29,Italian,508
BK0345,Myself Clear,Benjamin Mitchell,Mystery,1972,10,Italian,571
BK0346,Foreign Nothing Personal Blue,Christina Campbell,Thriller,1910,12,Spanish,478
BK0347,Sort Discussion Tv,Ricky Pugh,Romance,1951,23,Norwegian,142
BK0348,Upon Up Imagine,George Golden,Mythology,1998,9,Italian,553
BK0349,Well My,Sheri Salinas,Philosophy,1977,15,Italian,507
BK0350,Protect Should,Marcus Kirk,Art,1904,16,French,242
BK0351,Place Long Speak,Leslie Wilson,Mythology,1979,10,Norwegian,460
BK0352,At Idea Finally,Thomas Myers,Thriller,2002,27,Arabic,492
BK0353,Speak Time,Daniel Valenzuela,Historical Fiction,1967,2,Hindi,139
BK0354,Approach Clear,Andrew Stone,Cookbook,2016,12,French,353
BK0355,Deal,Dave Ware,History,2004,24,Arabic,185
BK0356,Really,Dustin Brady,Religion,1983,4,Italian,600
BK0357,Assume Sign,Janet Guerrero,Folklore,2003,8,Chinese,593
BK0358,Bad Prevent Sport History,Matthew Dorsey,Science,1904,14,English,158
BK0359,Draw Because Age,Shannon Wilson,Folklore,1907,26,Spanish,127
BK0360,Hold Quickly North,Terri Wright,Religion,1948,19,French,401
BK0361,Speech Science,Andrew Flores,History,2017,21,French,120
BK0362,Mind Away,Jocelyn Jones,Folklore,1997,21,Norwegian,253
BK0363,Smile Only,Charles Jordan,Philosophy,1980,29,Norwegian,180
BK0364,Glass Human Point Choose,Stephen Moran,Mythology,2004,29,French,210
BK0365,Everyone,Dr. Paul Pugh,Drama,2001,7,Italian,255
BK0366,Community,Connie Harrington,Thriller,1967,6,German,301
BK0367,Remember Subject,Michael Gould,Science,1954,24,Russian,530
BK0368,Friend Section,Mariah Crawford,Philosophy,1927,12,Arabic,413
BK0369,Compare Third,Nathan Lewis,Science,1942,11,Spanish,565
BK0370,Community,Alicia Hernandez,Philosophy,1940,16,Arabic,156
BK0371,Receive Black,Christopher Fisher,Science,1964,19,Hindi,464
BK0372,Day Move,Jonathan Jones,Folklore,1922,6,French,455
BK0373,Someone Determine Modern,Stephanie Gallagher,History,1943,5,Spanish,119
BK0374,Difficult Leg Billion,Ryan Sawyer,Cookbook,1905,6,Arabic,583
BK0375,Rise,Jennifer Price,Adventure,1922,5,Norwegian,598
BK0376,Management Close Data,Brian Marshall,Fantasy,1910,26,Arabic,226
BK0377,Civil Energy,Douglas Herrera,Religion,1942,20,Russian,552
BK0378,Newspaper Last,Joseph Brown,Adventure,1911,15,French,189
BK0379,Tree Company,Adam Jones,Physics,1995,24,Portuguese,449
BK0380,Approach Almost Chair,Alexandra Sanchez,Philosophy,1959,23,Japanese,206
BK0381,Specific,Ashley Weiss,Romance,1996,20,Japanese,449
BK0382,Structure Maybe Successful,Stephanie Yates,History,2014,17,German,235
BK0383,Turn Nearly,James Burton,Thriller,1922,2,Arabic,159
BK0384,Short His Fire,Erin Austin,Cookbook,2015,3,Turkish,356
BK0385,Increase By Back,Donald Weaver,Science,1957,23,Turkish,578
BK0386,Unit Board Character,Elizabeth Humphrey,Historical Fiction,1997,5,English,538
BK0387,Create Skill,Debra Smith,Technology,1914,23,Norwegian,253
BK0388,Soon Political System,Trevor Skinner,Thriller,1918,28,Japanese,523
BK0389,Road,Carrie Glover,Mystery,1960,29,English,169
BK0390,Political Leader,Melissa Allen,Mythology,1917,26,Portuguese,416
BK0391,Wrong Baby,Kathryn Adams,Cookbook,1966,16,Spanish,150
BK0392,Kid Area Spend Ahead,Elizabeth Parrish,Art,1920,22,German,167
BK0393,Start Truth Affect,Blake Stewart,Thriller,1906,14,English,379
BK0394,Coach Far,Daryl Byrd,Physics,1995,1,German,327
BK0395,Answer,Donna Lawrence,Folklore,1915,24,German,539
BK0396,Sea Peace,Rhonda Hughes,Art,2012,16,Norwegian,227
BK0397,Cell Idea Enough,April Wolf,Cookbook,1966,23,Hindi,467
BK0398,Analysis Put Pull,Denise Bartlett,Technology,2011,24,German,592
BK0399,Force Reason Real Sort,Devin Kramer,Historical Fiction,1948,11,Italian,201
BK0400,Tend Reduce,Charles Owens III,Religion,1989,27,Italian,416
BK0401,Cause Suggest Move,Brandon Murphy,Physics,1910,20,Japanese,529
BK0402,Amount,Selena Jones,Drama,1902,12,Turkish,263
BK0403,Great Discuss Plant,Amanda Murray,Art,1983,20,Portuguese,140
BK0404,Product Street,Karen Cox,Philosophy,1999,30,Japanese,596
BK0405,Rise Father Method,Megan West,Science,1916,25,Spanish,409
BK0406,Course Range,Louis Rodriguez,History,1917,3,Chinese,395
BK0407,Food Oil Spring,Krista Payne,Romance,1948,6,Arabic,225
BK0408,Already Hair Time Expect,Jocelyn Taylor,Mystery,1984,24,Portuguese,129
BK0409,Nature War,Jared Turner,Physics,1904,21,Turkish,145
BK0410,Near Center,Stephanie Bishop,Fantasy,1994,28,French,230
BK0411,Feel Such,William Sanders,Technology,1961,17,French,102
BK0412,Fish Very Support Eight,Annette Diaz,Mythology,1996,5,Italian,150
BK0413,Leave Resource Third,Tony Miller,Cookbook,1952,19,Chinese,593
BK0414,Care Next House Western,Teresa Alvarez,Technology,1968,1,Spanish,366
BK0415,Stand Food Song,Donna Bruce,Art,1951,14,German,335
BK0416,Bed Friend,Brian Robinson,Romance,1954,28,Turkish,375
BK0417,Family Body,Christine Tucker,Historical Fiction,1918,11,Portuguese,496
BK0418,And Father Business,Monica Spence,Historical Fiction,1955,27,Japanese,254
BK0419,There,Benjamin Duncan,Technology,2020,8,Italian,322
BK0420,Three Before,Megan Silva,Historical Fiction,2021,2,Norwegian,576
BK0421,Better Talk Test,John Robertson,Thriller,2022,5,Norwegian,423
BK0422,Wear Ground,Christopher Stevens,Historical Fiction,2023,21,Japanese,271
BK0423,Agreement Discuss,Colton Bryan,Adventure,1951,1,Spanish,508
BK0424,Leader Join,David Moody,Mythology,2015,21,French,298
BK0425,Audience Model,Bethany Schaefer,Philosophy,1907,8,Russian,532
BK0426,Difficult Morning,Mark Olson MD,Cookbook,1929,10,Norwegian,474
BK0427,Summer Usually Someone,David Logan,Science,1909,23,Russian,473
BK0428,Important Whole,Mary Crawford,Mythology,1965,27,Turkish,178
BK0429,Impact Production,Courtney Young,Fantasy,2006,6,Chinese,462
BK0430,Head,Michael Sandoval,Adventure,1922,8,Turkish,572
BK0431,Investment Low Each,Darren Richards,Folklore,2019,4,Portuguese,571
BK0432,Speech Head,Kristina Taylor,Religion,1912,5,Hindi,536
BK0433,Tell Enter,Maria Daugherty,Adventure,1930,9,German,498
BK0434,Everybody Entire,Steven Parker,History,1983,8,Italian,175
BK0435,Others Source Policy,Scott Roberts,Drama,1969,22,French,183
BK0436,Leave Huge,Thomas Goodwin,Romance,1921,22,Italian,329
BK0437,Reach Simple Art,Joshua Sanchez,History,1962,19,Italian,295
BK0438,Notice Play,Hannah Rubio,Thriller,1930,17,Hindi,571
BK0439,Material Run,Kayla Warren,Technology,1988,26,Norwegian,320
BK0440,Cold Inside Little,Lisa Lewis,Technology,1970,27,Hindi,496
BK0441,Recognize President Become,Heather Boyer,Science,1904,21,French,118
BK0442,Various Stuff Strategy,Jason Barnett,Folklore,1943,16,Italian,287
BK0443,Guess Safe Religious,Matthew Richard,Mythology,1952,14,Russian,249
BK0444,Carry Coach,Tracy Chan,Adventure,1924,5,Italian,491
BK0445,Audience Operation,Natalie Martinez,Mythology,1984,5,Italian,495
BK0446,Well Modern,Karl Proctor,Mythology,2017,26,German,327
BK0447,Environmental Everybody Increase Near,Michael Gross,Physics,1978,30,Turkish,572
BK0448,Marriage Live Week,Elizabeth Quinn,Mythology,1988,25,Portuguese,544
BK0449,Just Plant Star,Hayley Lin,Mythology,1985,16,Italian,208
BK0450,Arm,Gabriel Singleton,Science,1945,22,Arabic,490
BK0451,Forward,Andrew Miller,Science,1976,30,Portuguese,288
BK0452,About Boy Too Throughout,Raymond Rhodes,Drama,1963,28,Turkish,121
BK0453,Between Responsibility If,Ann Ortega,Folklore,1934,24,Chinese,188
BK0454,Half Section Hour,Stephanie Gonzales,Cookbook,1975,19,Hindi,169
BK0455,Common While,Kyle Kim,Religion,1964,3,Hindi,314
BK0456,Represent Prepare Feeling,Lisa Jones,History,1977,12,Italian,447
BK0457,Cover Partner,Thomas Evans,Historical Fiction,2001,12,French,464
BK0458,Benefit Term,Thomas Miller,Mystery,2013,21,Arabic,301
BK0459,Upon Choose Type,Eileen Guzman,Mystery,1914,26,Turkish,587
BK0460,Reach First,Kathleen Gonzalez,Philosophy,1932,9,Russian,541
BK0461,Else House Old,John Hicks,History,1969,22,Norwegian,275
BK0462,Nation Boy,Michael Young,Adventure,2006,14,Italian,505
BK0463,Instead Quickly,James Wilson,Science,1970,7,French,343
BK0464,Include,Lisa Freeman,Physics,2001,27,Italian,529
BK0465,Attorney,Christopher Atkins,Technology,1934,18,Italian,367
BK0466,Door Argue Strategy,Laura Thomas,Mystery,1992,11,Arabic,102
BK0467,Choice Team,Kenneth Williamson,Technology,1952,3,Japanese,251
BK0468,Recent Hair Actually,Victor Tran,Science,2019,1,Turkish,556
BK0469,Hour Fly Everything Open,Andrea Miller,Mythology,1985,14,Hindi,491
BK0470,Let Once Meeting,Sara Bell,Technology,1937,10,Chinese,263
BK0471,Have Under,Michelle Rogers,Physics,1906,29,Japanese,495
BK0472,Fund Line Four Attorney,Joshua Anderson,Folklore,1920,23,Chinese,437
BK0473,Read,Mrs. Colleen Lopez MD,Historical Fiction,1957,3,Hindi,528
BK0474,Method,Brittany Grant,Technology,1947,19,Norwegian,194
BK0475,Study Collection,Jonathan Becker,Cookbook,1911,25,Japanese,580
BK0476,Trouble More Door,Alexis Guerra,Art,1968,27,Hindi,557
BK0477,Lose People,William Salas,Art,1907,5,Portuguese,403
BK0478,Energy Another American,Cindy Ward,Physics,2023,6,Arabic,331
BK0479,Never Whether Call Rather,Anthony Castro,History,1977,23,Turkish,153
BK0480,Attorney Property Recognize,Michael Rice,Mystery,2023,27,Japanese,364
BK0481,Senior Lose Item Training,Barry Martin,History,1925,26,Portuguese,371
BK0482,Hear War Agreement Guess,Amanda Davis,Art,1902,28,Chinese,205
BK0483,Order School,Jesse Ray,Technology,2022,23,Hindi,357
BK0484,Network,Linda Wright MD,Science,1911,15,Japanese,130
BK0485,Notice Figure Free,Jeffrey Johnson,Art,2005,27,Hindi,183
BK0486,Trouble Laugh Accept,Rachel Davis,Fantasy,1992,5,French,101
BK0487,Thus Medical Early,Christina Brown,Historical Fiction,2020,19,English,152
BK0488,Smile Work,Christopher Rogers,Adventure,1975,5,German,509
BK0489,Executive,David Baker,Romance,1922,3,Spanish,203
BK0490,Including Successful,Natalie Keller,Historical Fiction,2011,30,Chinese,230
BK0491,Son Discover Foot,Kathryn Cortez,Mystery,2019,10,Portuguese,530
BK0492,Energy Character Than Figure,Tim Wilson,Fantasy,2015,12,Turkish,103
BK0493,Traditional Time,Brian Berger,Thriller,2012,13,Turkish,329
BK0494,Themselves Serious Career,Kurt Davis,Religion,1977,30,German,368
BK0495,Today Mission,Kenneth Johnson,Adventure,1975,27,Arabic,600
BK0496,Rule One,Brian Conrad,Historical Fiction,2018,13,Chinese,168
BK0497,Drug How Free,Sarah Gould,Science,1922,21,Arabic,414
BK0498,Store Can Type,Lisa Garcia,Cookbook,1901,30,French,233
BK0499,State Prepare,Jennifer Fleming,Religion,1993,23,English,421
BK0500,City Rest,Alyssa Brooks,Art,1934,5,Arabic,462
BK0501,Phone Service,Patrick Best,Physics,1945,6,Arabic,460
BK0502,Television Cultural North,Valerie Hicks,Fantasy,1919,29,Portuguese,110
BK0503,Involve Room Us,Barbara Ramos,Technology,1987,17,Japanese,497
BK0504,Accept Can,Lisa Pacheco,Religion,1965,29,Hindi,232
BK0505,While Stand,Lauren Jackson,Cookbook,1912,23,Chinese,484
BK0506,One Most Whole,Sarah Johnson,Art,1949,18,English,467
BK0507,Middle Now Week,Derek Bush,Mythology,1968,14,French,234
BK0508,Prove But,Holly Austin,Thriller,1945,7,Russian,286
BK0509,Hope,Chelsey Cook,Technology,1981,5,German,317
BK0510,Fast Street East,Kevin Bush,Folklore,1980,30,Hindi,228
BK0511,Whole Way,Jason Joseph,Romance,1955,5,Hindi,194
BK0512,Although My Attorney,Mary Higgins,Technology,1957,1,Turkish,196
BK0513,Practice Pattern,Joshua Macias,Mystery,1902,16,Arabic,220
BK0514,But Professor Main,Stephanie Wilson,Fantasy,1975,2,Russian,286
BK0515,Win Black Daughter,Andrew Mooney,Cookbook,1997,20,Arabic,479
BK0516,The Investment You,Kevin Price,Drama,1919,4,Arabic,265
BK0517,That Avoid Investment,Melissa Clark,Mythology,1912,21,Chinese,470
BK0518,We Hundred Full,Dr. Andrew Moore,Drama,1954,23,Turkish,364
BK0519,Raise Blood Hit,Philip Cabrera,Religion,1987,2,Arabic,568
BK0520,As Without Form Think,Natalie Smith,Historical Fiction,2009,2,French,559
BK0521,Democrat Idea,Warren Villanueva,Adventure,1976,3,Spanish,235
BK0522,Boy Agency,Steven Anderson,Thriller,2000,3,German,593
BK0523,Gun Environment Source Trial,Peter Smith,Physics,1906,1,French,154
BK0524,Enough City,Dylan Dean,Romance,1974,20,Chinese,431
BK0525,Role Mind,Charles Powell,History,1993,14,Chinese,445
BK0526,Because Again Your,Robert Obrien,History,1958,4,Hindi,552
BK0527,Turn,Evan Durham,Mythology,1931,6,Spanish,393
BK0528,Matter Place Ahead Carry,Stephanie Hall,Philosophy,1952,1,Japanese,410
BK0529,Media Few,Faith Charles,Technology,1995,16,Japanese,451
BK0530,Family List Feel,John Davis,History,2013,28,Norwegian,279
BK0531,Knowledge Subject Start,Ryan Carroll,Art,2010,8,English,112
BK0532,Energy Stay Trade,Kimberly Ross,Science,1960,6,Italian,520
BK0533,Continue Mouth,Kelly Aguirre,History,1925,29,Chinese,242
BK0534,Seek Identify,Christopher Davis,Folklore,1908,29,Hindi,275
BK0535,News Painting Available,Juan Frazier,Drama,1952,26,French,578
BK0536,She Executive Region,Adam Sanders,Science,1908,7,Chinese,425
BK0537,Wind,Kevin Perry,Fantasy,2018,12,Japanese,582
BK0538,Think,Meagan Randall,Folklore,1977,11,Chinese,590
BK0539,Leader Black Where,Michael Ross,Folklore,1947,21,English,310
BK0540,Base Kitchen,Zachary Robertson,Religion,2012,1,Russian,229
BK0541,Far Any,Wanda Carrillo,Physics,1929,30,Turkish,580
BK0542,Mouth New Walk,Mitchell Ford,History,1910,4,Japanese,285
BK0543,Once Somebody,Jamie Ford,Drama,1943,30,Portuguese,430
BK0544,Little On,Emily Frye,Mystery,1935,18,Japanese,495
BK0545,Movement Inside,Tammy Hicks,Historical Fiction,1934,4,Norwegian,410
BK0546,Produce Across,Kenneth Brown,History,2005,14,Arabic,402
BK0547,Often Should Husband,Jordan Parsons,Drama,1946,6,Norwegian,210
BK0548,Address Expert Piece,Scott Smith,Religion,1951,27,French,204
BK0549,Scientist Represent,Billy Miller,Technology,1901,20,French,352
BK0550,Choose Pull,Kimberly Jones,Adventure,1900,11,Italian,212
BK0551,Keep Themselves By,Kevin Butler,Religion,1952,4,Portuguese,389
BK0552,Campaign Value,Brianna Watson,Physics,1972,30,German,102
BK0553,Term Ahead School Energy,David Gilbert,Mystery,2022,25,Spanish,316
BK0554,Finish Approach Through,Jamie Walton,Art,1980,4,German,339
BK0555,Number Majority,Ian Jacobson,Religion,2021,9,Italian,222
BK0556,Teach Over Past,Richard Baker,Drama,2019,23,Chinese,140
BK0557,Design Pm,Caitlin Mcknight,Physics,2017,1,English,235
BK0558,Consumer,Laura Johnson,Philosophy,1925,1,Hindi,212
BK0559,Oil Wrong Industry,Joseph Hansen,Science,1910,18,Hindi,456
BK0560,Street Expect,Tara Spencer,Cookbook,1972,3,Hindi,434
BK0561,Serve Reveal,Eddie Perez,Folklore,1989,7,Portuguese,345
BK0562,Something Chance,Mrs. Brianna Parker,Historical Fiction,1944,4,English,196
BK0563,Remember Pick Have,Gloria Peters,Mystery,2006,7,Norwegian,517
BK0564,Catch Dog Want,Lori Mcguire,Romance,2021,17,Hindi,162
BK0565,Manager Send Material,Jacob Miller,Romance,1988,24,Italian,508
BK0566,Certainly Fine,Timothy Ortiz,Fantasy,1944,27,Spanish,370
BK0567,Figure Challenge,Brad Hardin,Adventure,1933,10,Russian,151
BK0568,Suddenly Probably Push,Breanna Mclaughlin,Folklore,1968,5,English,193
BK0569,Defense Than Include Name,Ashley Griffin,Physics,1953,18,French,215
BK0570,Yeah Talk Item,Timothy Zhang,Religion,1959,6,English,259
BK0571,Full Evening Allow,David Jackson,Adventure,1902,26,Japanese,150
BK0572,North Society,Bryan Jones,Cookbook,1904,10,Russian,417
BK0573,Rich Eight,Diana Johnston,Mystery,1918,24,French,550
BK0574,Receive Accept Case Question,Jennifer Wallace,Folklore,2000,20,German,202
BK0575,Risk Leg,Joseph Smith,Fantasy,1931,13,Russian,429
BK0576,Offer Dinner True,Leah Lee,Technology,2001,27,English,543
BK0577,Leader Food,Robert English,Religion,2001,21,English,500
BK0578,Positive Throw Note,Stephanie Saunders,Historical Fiction,2010,12,Hindi,172
BK0579,World Physical,Joshua Green,Philosophy,1913,22,Spanish,417
BK0580,Exist,Cristian Meza,Thriller,2022,7,Russian,122
BK0581,Data Structure Difference,Michael Gardner,Mystery,1970,22,French,207
BK0582,Best Television,Ashley Wilson,Physics,1988,23,Turkish,544
BK0583,Democratic Total,Scott Williams,Folklore,2020,4,Hindi,448
BK0584,Employee World Plan,Jennifer Walker,Art,1939,12,Portuguese,262
BK0585,Stay This Here,Caleb Garrett,Romance,1994,1,Turkish,235
BK0586,Live Describe Choice,Nancy Luna,Religion,1943,10,Portuguese,442
BK0587,First Can,Timothy Costa,Adventure,1949,26,Arabic,312
BK0588,Low Sign,Susan Dean,Thriller,2019,16,German,147
BK0589,Value Suffer,Kelsey Johnson,Drama,1928,21,Norwegian,493
BK0590,Might Material,Matthew Dunn,Religion,1928,7,Hindi,423
BK0591,Sound Necessary Evening,Dr. Katie Williams,Romance,1986,23,French,119
BK0592,Lay Well,Joseph Evans,Historical Fiction,1980,18,Turkish,276
BK0593,Home Generation At,Amanda Morris,Physics,1946,28,Italian,509
BK0594,Green Room,Cody Martin DDS,Romance,1920,15,Portuguese,318
BK0595,Wish Building Land,Andre Grant,Physics,1966,4,Russian,209
BK0596,Throw Suggest,Gregory Black,Fantasy,1930,19,Hindi,332
BK0597,Realize Dinner,Miranda Parks,Adventure,1904,28,Russian,276
BK0598,Throughout Tax,Lisa Williams PhD,Religion,1906,24,Hindi,227
BK0599,Since Friend Up,Brent Armstrong,Drama,1987,29,Arabic,111
BK0600,Want,Christopher Ingram,Drama,1920,18,German,416
BK0601,Almost According,Matthew Mendoza,Mystery,1970,27,French,186
BK0602,Light Two,Carl Ballard,Philosophy,1941,17,Hindi,166
BK0603,Dog Response Factor,Alicia Fuller,Romance,2018,29,Chinese,398
BK0604,As Sometimes,Russell Medina,Philosophy,1959,30,Russian,134
BK0605,Ten Think Several,Tanner Richard,Mystery,1918,22,Spanish,376
BK0606,Key American Their The,Monica Rocha,Thriller,1970,6,Russian,230
BK0607,Yeah Home Improve,Jill Lynch,Technology,1905,22,Norwegian,586
BK0608,Improve Action,Cassidy Kelly,Fantasy,2003,22,Portuguese,347
BK0609,Chair Read Term,Ashley Fernandez,Physics,2000,19,German,118
BK0610,Culture Machine Southern Small,Chase Brooks,Drama,1923,10,French,290
BK0611,Early Small,Brandy Love,Mystery,2008,20,Italian,494
BK0612,So My,Stephen Gonzalez,Fantasy,1977,22,German,507
BK0613,Interest Entire Idea,Summer Hutchinson,Fantasy,1976,1,Chinese,572
BK0614,Meeting Material Project As,Benjamin James,History,1961,3,Spanish,529
BK0615,Cup System Similar,Danielle Jenkins,Mystery,2022,11,Norwegian,395
BK0616,Religious West,Lisa Thompson,History,1995,3,Portuguese,375
BK0617,Action Drug Stand,Gail Griffith,Mythology,1967,1,Russian,500
BK0618,Truth Style,Tim Maxwell PhD,History,2013,12,Arabic,227
BK0619,We Physical,Jessica Weber,Religion,1962,14,English,411
BK0620,Change,Devin Clark,History,1964,17,German,292
BK0621,Once Weight Industry Senior,James Tanner,Mythology,1983,26,Japanese,330
BK0622,Ago Back Enough,William Carroll,Folklore,1944,7,Japanese,114
BK0623,Tell Live Person Whose,Jordan Maxwell,Romance,1953,11,Spanish,340
BK0624,Pick Maintain Find,Sandra Roach,History,1918,16,Spanish,312
BK0625,Team Seven Fight,Derrick Ward,Philosophy,1955,28,English,179
BK0626,Market Claim,Sean Martinez,Technology,1924,27,Hindi,206
BK0627,Level Talk Whose,Robin Jackson,Thriller,1928,11,Turkish,113
BK0628,There Fund,Darrell Ayala,Art,1992,24,Russian,102
BK0629,Security Movie Crime Lay,Anthony Johnson,History,1978,13,English,134
BK0630,Citizen,Abigail Boone,Cookbook,2013,16,Italian,509
BK0631,Choice Company,Mary Morales,Fantasy,1975,19,Russian,451
BK0632,Next Approach Attention,Sue Le,Technology,1923,5,Italian,589
BK0633,Same Away Let,Sherry Robinson,History,1973,21,Japanese,397
BK0634,Nice Worry Everybody Task,Tristan Blackburn,Science,1931,11,Hindi,111
BK0635,Open Later,Kelly Bradley,Cookbook,1996,22,Turkish,549
BK0636,Week,David Blake,Romance,1946,22,Hindi,223
BK0637,Stop People,Dr. Justin Huffman,Adventure,1947,25,Norwegian,147
BK0638,Radio Early Send,Matthew Castillo,Fantasy,1903,4,Chinese,576
BK0639,Economy Important,Evan Young,Romance,1984,25,Arabic,489
BK0640,Affect Whatever Create,Derek Wallace,Thriller,2005,4,Norwegian,320
BK0641,Security,Douglas Martinez,Adventure,1959,7,French,429
BK0642,Their,Michelle Smith,Thriller,1997,5,Italian,165
BK0643,Tree Response,Michael Carter,Art,1919,11,Japanese,536
BK0644,Different Answer,Aaron Hill,Religion,1922,19,Portuguese,237
BK0645,Perhaps Move Certain,Thomas Long,History,1918,1,German,316
BK0646,Century,Robert Williams,Historical Fiction,2018,18,Chinese,412
BK0647,Lose Anything Game,Harry Brown,Historical Fiction,1907,5,Arabic,452
BK0648,Player Career,Suzanne Morris,Art,1936,4,Spanish,237
BK0649,Structure Get Section,Robert Hicks,Religion,1933,16,Spanish,462
BK0650,Lot Reduce Physical,Tyler Waller,Folklore,1961,20,Japanese,318
BK0651,All Leave Tv,Dana Douglas,Drama,1961,29,Russian,120
BK0652,Item Necessary Analysis,Robin Jones,Mystery,1933,15,Spanish,513
BK0653,Fly Affect Play,Julie Roach,Science,1943,26,French,508
BK0654,Staff Education However,Beth Fox,Historical Fiction,1995,14,Chinese,329
BK0655,Realize According,Matthew Ruiz,Cookbook,1963,23,Arabic,553
BK0656,Recently,Michael Morse,Science,2007,12,Spanish,573
BK0657,Term Culture Test,Thomas Mcguire,Science,2002,19,Italian,365
BK0658,General A Arrive,Jasmine Ferguson,Cookbook,1948,14,Italian,161
BK0659,Tell Bad,Sally Wilson,Science,1950,27,Japanese,146
BK0660,Up Thought,Shane Henson,Romance,1911,22,English,506
BK0661,Or,Johnny Watson,Folklore,1949,26,Japanese,310
BK0662,Subject Available Low,Anne Bradshaw,Mythology,1980,16,Portuguese,246
BK0663,Central Media,Jody Odom,Historical Fiction,1955,4,English,419
BK0664,Material,Katherine Arellano,Historical Fiction,2004,28,French,120
BK0665,Skin Pm Prove,Kimberly Bradley,Mystery,1948,1,Italian,528
BK0666,Impact,Donna Parker,Mythology,1969,29,Chinese,120
BK0667,Away South,Adam Salinas,Cookbook,2018,23,Russian,485
BK0668,Especially,Scott Welch,Drama,2010,9,German,332
BK0669,War,Maria Gomez,Science,1992,28,Spanish,497
BK0670,Sit Teach,Patrick Ashley,Adventure,1997,28,Norwegian,587
BK0671,Someone Of,Mr. Thomas White II,Cookbook,2021,7,Russian,196
BK0672,Minute System Point,Zachary Hunter,Technology,1988,17,Spanish,593
BK0673,Same Ago,Brittany Price,Technology,1963,23,Portuguese,353
BK0674,Offer Class,Kim Wilcox,Art,1980,6,Arabic,345
BK0675,World Plan Officer,Ryan Zuniga,Religion,2005,2,French,225
BK0676,Pressure Cell Note Brother,Michael Smith,Physics,1995,4,Spanish,485
BK0677,Thing Million Fear,Karen Frey,Philosophy,1919,2,English,266
BK0678,Instead Yourself Water Exist,Albert Wade,Historical Fiction,1935,4,Spanish,116
BK0679,Executive Catch Improve,John Briggs,Mythology,1923,9,Italian,164
BK0680,News Site Control,Dorothy Barnes,Technology,1991,27,Portuguese,503
BK0681,Public Choose,Elizabeth James,Science,1987,3,Japanese,305
BK0682,Growth,Raymond Roth,Fantasy,1935,29,Portuguese,313
BK0683,Art Stop Risk,Richard Lucas,Science,1987,28,Arabic,121
BK0684,Wrong Trip,Eric Freeman,Cookbook,2018,27,Portuguese,391
BK0685,Against Need,Melissa Lopez,Historical Fiction,1993,20,Arabic,594
BK0686,Agreement Fall Price,Stephanie Johnson,Romance,1989,19,Spanish,361
BK0687,Her Throw,Daniel Gonzales,Folklore,2022,26,Russian,328
BK0688,Write Film,Cindy Johnson,Cookbook,1923,23,French,434
BK0689,Later Kid,Ana Farmer,Philosophy,1911,17,Japanese,380
BK0690,Turn Local,Lisa Sanchez DDS,Cookbook,2009,12,Hindi,279
BK0691,Itself There,Jennifer Yang,Art,2008,22,Turkish,316
BK0692,Agreement Until,William Smith,Art,1923,11,English,272
BK0693,Push Difficult Number,Matthew Beltran,Religion,1930,27,English,101
BK0694,Boy Accept,Kyle Kidd,Technology,1960,23,Japanese,136
BK0695,Image Factor,Tamara Bell,Drama,1918,13,Portuguese,134
BK0696,School Thought,Terrence Daniels,Science,1980,25,Japanese,171
BK0697,Question Key,Angela Carr,History,1979,4,Hindi,350
BK0698,Here Concern Southern,Angie Hill,Thriller,2017,9,Hindi,461
BK0699,Per Face Yourself,James Summers MD,Physics,2003,22,Russian,393
BK0700,Make Person Simple,Paul Golden,Cookbook,2002,23,Spanish,155
BK0701,Television Get,Gary Jordan,Philosophy,1921,10,Spanish,238
BK0702,Front,Brandon Wise,Drama,1939,3,Russian,176
BK0703,Deep High Scientist Each,Monica Hines,History,1992,21,Hindi,216
BK0704,Close Information,Joshua Graves,Philosophy,1979,8,Russian,566
BK0705,Run Artist History,James Hamilton,Mystery,1929,8,Chinese,208
BK0706,None Happen,Angela Chandler,Mystery,2010,9,Hindi,284
BK0707,And Adult Power Night,Nicholas Harrison,Historical Fiction,1916,13,Portuguese,187
BK0708,National Eight Material,Lindsey Jordan,Philosophy,1963,20,Hindi,426
BK0709,Impact Hit,Kimberly Brown,Philosophy,1970,28,Turkish,266
BK0710,Billion Out,Caroline Gonzales,Philosophy,1966,13,German,490
BK0711,Stuff Build Suffer,Benjamin Barton,History,1902,22,Russian,164
BK0712,May Sing,Rodney King,Art,1925,2,Turkish,332
BK0713,More Apply,Crystal Mckenzie,Thriller,1957,29,Russian,462
BK0714,Method Green,Robert Meyer,Folklore,1961,28,Spanish,243
BK0715,Pretty Film See Mr,Tristan Hicks,Science,1929,13,Turkish,309
BK0716,Rate Bed Fine,Kayla Chavez,Folklore,1908,24,Norwegian,224
BK0717,Approach Certain Together,Virginia Robinson,Drama,1998,26,Chinese,525
BK0718,Begin Career,Stephanie Lopez,Thriller,1939,3,Spanish,274
BK0719,Strong Machine,Jillian Velasquez,Folklore,2018,3,French,541
BK0720,Sense Various Box,Melissa Wong,Fantasy,1961,8,French,599
BK0721,Whether Rather,Ivan Gomez,Mythology,1979,29,Russian,574
BK0722,Town Ok,Jennifer Green,Romance,1993,27,Turkish,340
BK0723,Exactly All,Robin Perez,Thriller,1968,11,Chinese,594
BK0724,Major Hold Involve,Jennifer Miller,Historical Fiction,2021,19,Arabic,403
BK0725,Price Yeah These,Daniel Young,Historical Fiction,1955,26,German,466
BK0726,Interest Goal Because Necessary,Terri Garcia,Cookbook,1962,13,Russian,208
BK0727,Able,Laura James,Mythology,1948,21,Japanese,272
BK0728,Ball Social,Casey Mora,Physics,1932,1,Russian,524
BK0729,Rate Agent Marriage,Michelle Guerra,Mythology,2021,17,Turkish,550
BK0730,Born New,Mr. Samuel Whitaker MD,Romance,1952,22,Portuguese,537
BK0731,Above Employee,Kevin May,Historical Fiction,1965,23,Portuguese,113
BK0732,Wait Think,Jacqueline Evans,Cookbook,1983,22,English,578
BK0733,Deal Class,Daniel Evans,Mythology,1900,19,Italian,489
BK0734,Score House,Margaret Douglas MD,Drama,1949,1,German,395
BK0735,Surface Issue,Michelle Martinez,Drama,1931,15,Japanese,223
BK0736,Actually Staff Method,Ryan Watson,Fantasy,1974,13,Norwegian,373
BK0737,Drug Rule Military,Donald Diaz,Religion,1941,30,Chinese,138
BK0738,Service,Alexandria Garcia,Historical Fiction,2000,6,German,376
BK0739,Serious Pull,Taylor Lopez,Philosophy,1972,25,French,333
BK0740,Space Join Significant,Rick Campbell,Science,1953,23,Arabic,476
BK0741,Save Ago,Ricky Miller,Religion,1912,29,Turkish,285
BK0742,Behavior Loss,Nancy Gibson,Historical Fiction,1999,7,Russian,450
BK0743,Difference Example Take,Gregory Christensen,Physics,1961,9,Portuguese,136
BK0744,Same Goal Lawyer,Leslie Pitts,Adventure,1916,11,English,401
BK0745,World Government,Carla Stephens,Thriller,1949,4,Arabic,234
BK0746,Public View Discussion,Tammy Snyder,Cookbook,2021,23,German,162
BK0747,Window Whole Write Technology,Diane Schmidt,History,1967,23,German,540
BK0748,Protect Question Arm,Melissa Johnson,Cookbook,1906,20,Italian,102
BK0749,Choose Mean Eye,Chad Miller,Adventure,1976,20,Hindi,544
BK0750,Evening Organization,Julie Stewart,Technology,1967,26,Portuguese,510
BK0751,Bring Inside,Eddie Smith,Thriller,1905,11,Norwegian,546
BK0752,Rate Newspaper,Christian Blackburn,Romance,1973,28,Portuguese,514
BK0753,Amount Various,Tamara Lang,Adventure,1938,20,Italian,306
BK0754,Smile Include Heart,Meagan Anderson,Philosophy,1925,6,Japanese,501
BK0755,Discover Rich,Joel Hunt,Folklore,1938,29,Russian,440
BK0756,Task Author,Darlene Gonzales,Folklore,1935,8,French,301
BK0757,Cell Agree Still,David Jones,Mystery,1928,17,English,152
BK0758,Bring Under,Kenneth Robinson,Religion,1957,26,Spanish,384
BK0759,Stop Piece,Paul Allen,Fantasy,1931,20,Spanish,110
BK0760,Various Teacher Pm,Jacqueline Schultz,Mythology,2004,3,Hindi,513
BK0761,Second Simple,Elizabeth Stephenson,History,1953,24,German,560
BK0762,Today,Ashley Mcclain,Physics,1999,26,Arabic,531
BK0763,Outside Across,Christopher Matthews,Religion,1942,24,Turkish,166
BK0764,Fill,Kathleen Taylor,Drama,2012,13,Hindi,377
BK0765,There Nor Something,Christopher Fernandez,Physics,1944,8,Arabic,564
BK0766,Board Authority,Bradley Jimenez,Adventure,1950,1,French,383
BK0767,Artist Candidate,Roberta Foster,Mystery,1951,17,Arabic,554
BK0768,Would Apply,Eric Osborne,Drama,1902,15,Chinese,235
BK0769,Window Police We,Jared Scott,Art,2001,13,Russian,208
BK0770,Economy Despite Around,Jenna Thomas,Science,1924,1,Chinese,109
BK0771,It At Ago Run,Rachel Williams,Mythology,1917,22,Spanish,112
BK0772,Local I Material,James Greene,Mystery,1911,6,Portuguese,216
BK0773,Get Whatever Human,Edward Hughes,Mystery,1924,7,Hindi,420
BK0774,Young Month,Sharon Turner,Folklore,1914,16,German,466
BK0775,Name Ground Network Stage,Karla Lewis,Art,1904,9,Russian,364
BK0776,President Detail Enter,Bridget Jones,Mystery,1961,24,Hindi,332
BK0777,Good No Next,Melissa Randall,Historical Fiction,1955,2,Chinese,350
BK0778,First Catch,Elizabeth Porter,Fantasy,1966,1,Turkish,276
BK0779,Behind Pressure,Kevin Buck,Physics,1903,5,English,334
BK0780,Past Leave Bad,Dana Holland,Philosophy,1945,22,English,320
BK0781,Source Low,Vanessa Rhodes,Cookbook,1964,5,Russian,248
BK0782,Total Water Interview,Chad Arellano,Folklore,1962,4,Japanese,320
BK0783,Peace Several,Patricia Brown,Mystery,2000,18,Russian,398
BK0784,Herself Base,Taylor Baker,Technology,1962,25,Russian,217
BK0785,Simple Food Need,Mark Reynolds,Mythology,1942,4,Norwegian,291
BK0786,Southern Option Important Present,Brandi Castro,Cookbook,1946,16,Hindi,485
BK0787,Bill Anything Offer Work,Amanda Walker,Technology,1946,16,Hindi,284
BK0788,Degree Language,Jacqueline Ruiz,Fantasy,2016,21,Italian,472
BK0789,Claim Different,Robert Garcia,Historical Fiction,2021,15,Chinese,598
BK0790,Few,Jeremiah Sharp,Mystery,1947,29,Spanish,567
BK0791,Cell Pick Less Happen,Theodore Baker,Romance,1907,9,Arabic,370
BK0792,Stay Leg Toward,Maria Diaz,Religion,1979,7,French,313
BK0793,Soon Religious War,Jessica Cuevas,Cookbook,1900,20,Italian,448
BK0794,Election Force Start,Jerry Brooks,Technology,1915,5,Norwegian,372
BK0795,Window Attack Know,April Thomas,Mythology,1926,22,Arabic,375
BK0796,Relate Democratic Investment,Marcus Fox,Cookbook,1978,17,French,406
BK0797,Field Money,Jared Coleman,Technology,1988,16,Japanese,249
BK0798,Fall Pay,Amy Johnson,Fantasy,1957,24,French,283
BK0799,Industry Political,Erin Garcia,Science,1937,16,German,404
BK0800,Born Travel,Kimberly Flynn,Technology,1930,19,French,373
BK0801,Wall Mind Usually,Charles Martin,History,1954,30,German,301
BK0802,Address Mrs Effort,Elizabeth Singleton,Philosophy,1952,8,Hindi,103
BK0803,Small Congress Return,Michael Kent,Physics,2011,24,English,250
BK0804,As Sense Several,Kaitlyn Sherman,Romance,1912,15,Arabic,451
BK0805,Doctor Home Account,Christina Estrada,Mystery,1913,20,French,341
BK0806,Statement Store Tax,Michelle Hughes,Drama,1976,25,Arabic,318
BK0807,Clearly Choose,Stephen Nguyen,Physics,1904,7,Spanish,128
BK0808,Allow,Joseph Rogers,Science,1902,26,Spanish,294
BK0809,Certain Including Quite,Jonathan Baxter,Romance,2009,26,French,426
BK0810,Measure Number Perhaps,Megan Olson DVM,Adventure,1910,29,Chinese,476
BK0811,Begin Standard Question,Brenda Marshall,Thriller,1921,26,Norwegian,269
BK0812,South,Kimberly Freeman,Adventure,2021,21,French,487
BK0813,Feeling Piece Them,Mary Smith,Fantasy,1944,27,Italian,505
BK0814,Full Never,Maria Martin,Historical Fiction,1919,2,Turkish,364
BK0815,Likely Save Speak,Timothy Smith,Science,1989,28,Russian,326
BK0816,Would,Sarah Jones,Mystery,2004,23,German,248
BK0817,Hear You Test,Phillip Shelton,Thriller,1955,5,Japanese,499
BK0818,Unit View Quality,Scott Burns,Cookbook,2001,1,Chinese,296
BK0819,Then Break Him,Jamie Thompson,Science,1992,15,Russian,499
BK0820,Act Simple Establish Summer,Ricardo Wilkinson,Science,1980,2,Hindi,248
BK0821,Amount,Mr. Jason Smith,Philosophy,1996,18,Italian,475
BK0822,Bag Low Decide,Catherine Green,Science,1958,24,Japanese,189
BK0823,Know,Michael Woods,Science,1998,30,English,432
BK0824,None Need Say Bring,Robert Chang,Historical Fiction,1925,1,Turkish,480
BK0825,In Wear,Michael Cross,Romance,1986,27,Hindi,461
BK0826,Reduce Shake,Jennifer Duke,Folklore,1943,16,Portuguese,251
BK0827,Develop Member Up Smile,Eric Long,Historical Fiction,1967,8,English,297
BK0828,Technology Sea,Pamela Brown,Historical Fiction,1910,25,English,385
BK0829,Star Establish Public,Adam Kennedy,Fantasy,1920,25,Arabic,599
BK0830,Foreign Thousand Decision,Carol Smith,Romance,1976,28,Russian,314
BK0831,Commercial Political Decade,Thomas Wells,Mystery,1986,13,English,316
BK0832,Administration Whose,John Berg,Science,1965,20,Spanish,185
BK0833,Method Gun,Melissa Steele,Adventure,1984,16,Arabic,262
BK0834,Near Chair Hot,James Mitchell,Adventure,1939,28,Turkish,439
BK0835,Country,Andrew Aguilar,Historical Fiction,1983,15,Turkish,397
BK0836,Nice Bit,Bianca Daniels,Physics,1992,19,Arabic,233
BK0837,Determine Subject Billion,Rebecca Coleman,Cookbook,1917,25,English,323
BK0838,Little Contain,Julie Mccarthy,Cookbook,1971,4,French,454
BK0839,Morning Half Present,Michelle Jones,Historical Fiction,1927,25,Chinese,352
BK0840,Visit At,Eric Weaver,History,1936,4,Arabic,133
BK0841,Teach,Dr. Chelsey Barnes DDS,Religion,1987,8,Japanese,192
BK0842,Defense Environmental,Sherry Ruiz,Thriller,1902,29,German,362
BK0843,Responsibility New,Melissa White,Philosophy,1940,14,German,404
BK0844,Real Most Collection,Stephanie Rich,Romance,2012,9,English,520
BK0845,Very Administration,Amanda Carter,Mystery,1950,25,Japanese,321
BK0846,Pressure Off Notice,Michael Lee,Fantasy,1979,5,Chinese,352
BK0847,State Close Baby,Shawn Reynolds,Philosophy,1925,10,French,512
BK0848,As Wide,Lindsey Newman,Science,1955,20,French,515
BK0849,End Seven Hotel,Steven Davis,Science,1921,26,Japanese,418
BK0850,Plant Police,Amber Davis,Cookbook,1961,19,Spanish,202
BK0851,Fact From,Megan Chandler,Fantasy,1956,25,Portuguese,149
BK0852,Range Simply Pretty,Laura Martin,Religion,1931,25,Spanish,383
BK0853,Fact Better,Tiffany Braun,Technology,1980,3,Russian,548
BK0854,Outside Often Remember,Alex Fernandez,Drama,1936,4,German,419
BK0855,Paper Case,Adam Martin,Historical Fiction,2020,28,Norwegian,564
BK0856,Reduce Financial Late,Elizabeth Jacobs,Cookbook,1933,7,Spanish,134
BK0857,Let Which Former,Shane Farmer,Physics,1990,6,Hindi,552
BK0858,Reason Wait,Amber Aguirre,Mystery,1986,28,Turkish,572
BK0859,Once Much,Natalie Nguyen,Thriller,2012,22,Norwegian,117
BK0860,Parent,Christopher Elliott,Historical Fiction,2012,2,Portuguese,157
BK0861,Network,Mark Herrera,History,2015,26,English,536
BK0862,Cultural Cold Yard,Roy Johnson,Historical Fiction,2015,5,English,492
BK0863,Wall Leader Television,Victoria Crawford,Technology,1954,27,Hindi,600
BK0864,South Important,William Davis,Thriller,1941,1,German,553
BK0865,To Amount,Kyle Sanchez,Drama,1918,24,Norwegian,101
BK0866,Modern Then Quickly,Steven Stephenson,Science,1982,19,Italian,275
BK0867,Fire Control These Myself,Charles Strickland,Adventure,1900,28,Russian,449
BK0868,Local Pattern,Nicholas Wilson,Historical Fiction,1976,29,Chinese,592
BK0869,Fact Perhaps Thing,Mary Smith,Fantasy,1984,23,German,250
BK0870,Court Article,Cory Garner,Thriller,1982,9,Turkish,181
BK0871,Especially Get,Morgan Johnson,Folklore,2007,14,Russian,379
BK0872,Do Week,Christina Miller,Religion,1956,23,Russian,152
BK0873,Talk,Kelly Johnson,Mystery,1937,25,Arabic,148
BK0874,Machine Authority,Jose Hartman,Science,1993,11,Arabic,217
BK0875,Yourself Little,James Hart,Folklore,1981,20,Japanese,456
BK0876,Example,Melissa James DVM,Folklore,1927,5,Arabic,521
BK0877,Indicate Understand Chance,Caroline Lucero,Physics,1942,2,Portuguese,324
BK0878,Concern Whom Expert,Steve Tucker,Mystery,1941,22,English,561
BK0879,Place Thousand Matter,Alexander Hamilton,Religion,1993,30,Norwegian,485
BK0880,Care Everybody Test,Matthew Jones,Thriller,1991,18,Turkish,325
BK0881,Nearly As,Patrick Copeland,Folklore,1946,15,German,183
BK0882,Second Reality Box,Jonathan Ruiz,Art,1923,27,Turkish,512
BK0883,Score Usually Rich Bit,Mr. Alan Pena,Romance,1979,14,Portuguese,577
BK0884,History Include Drop,Annette Hughes,Drama,1910,28,Arabic,356
BK0885,Fly Official Rate,Dennis Gallegos,Drama,1915,14,Russian,520
BK0886,Institution Quite I,Alexandria Duke,Thriller,1925,9,Portuguese,356
BK0887,Standard Sit,Michael Wood,History,1944,18,Arabic,425
BK0888,Ahead Point,Amy Joseph,Philosophy,2004,23,Japanese,352
BK0889,Necessary Than Case,Jean Benson,Historical Fiction,1935,5,German,452
BK0890,Information Whom,Dale Moore,Cookbook,1955,22,English,308
BK0891,When This Staff,Joshua Johnson,Adventure,1909,6,Hindi,308
BK0892,Bag Research,Elizabeth Johnson,Folklore,1911,26,Spanish,232
BK0893,Six News,Richard Collins,Religion,1979,24,Arabic,121
BK0894,New Charge Rather,John Lopez,History,1940,18,German,556
BK0895,It Leave Support,Ryan Hunter,Historical Fiction,1991,13,Japanese,413
BK0896,Receive Different Finish,Michelle Barr,Thriller,1993,11,English,316
BK0897,Level Control Build,Karen Turner,Drama,1984,24,Arabic,268
BK0898,Good Rest Free,Jennifer Wyatt,Adventure,1968,29,Turkish,373
BK0899,Whom Others Watch,John Flores,Mystery,1987,25,Italian,190
BK0900,Explain Finally Fill Detail,Vanessa Stewart,Philosophy,2005,11,German,581
BK0901,Analysis Tree,Andrew Booker,Folklore,1954,28,Hindi,207
BK0902,Occur Make Young,George Phelps MD,Fantasy,1926,11,Russian,456
BK0903,Difference Color Return,Lindsey Williams,Cookbook,1990,23,Chinese,331
BK0904,Pattern Anyone,Taylor Jackson,Science,1946,26,English,362
BK0905,Weight Occur,Lisa Cooper,History,1967,10,Chinese,398
BK0906,Worker City Public,Crystal Walker,Folklore,2020,1,German,458
BK0907,Surface Artist Girl,Edward Reilly,Technology,1959,23,Japanese,375
BK0908,While Congress,Sophia Bailey,Fantasy,1963,21,Norwegian,194
BK0909,Now Parent May,Anthony Wood,Folklore,1959,24,Chinese,374
BK0910,Wind Nearly,Jennifer Bowen,Mythology,1933,24,French,350
BK0911,Each Fund Trouble Price,Tiffany Kirk,Adventure,1931,24,Chinese,369
BK0912,Meet Free,Lisa Bowers,Historical Fiction,1927,17,Russian,136
BK0913,Collection Range,Billy Calderon,Drama,1987,28,Japanese,111
BK0914,Cover Our,Melissa Khan,Drama,1966,17,French,554
BK0915,Six Lot Know,Brian Sanchez,Technology,1995,15,Japanese,477
BK0916,Gun Including,Angela Johnson,Art,2015,30,French,519
BK0917,Seven Both,Anthony Ruiz,Adventure,1927,18,Hindi,465
BK0918,Go On Week,Brandi Porter,Folklore,1923,8,Japanese,408
BK0919,Economy Current,John Miller,Science,1951,22,German,358
BK0920,Own Value,Shannon Raymond,Religion,1978,30,Arabic,397
BK0921,Seven Training Much,Stephen Vang,History,1920,4,Turkish,369
BK0922,Person Dark,Andrew Ruiz,History,1915,10,Italian,122
BK0923,Energy Environment,Courtney French,Drama,1994,25,Norwegian,570
BK0924,Store Campaign Three,Savannah Foster,Adventure,1969,1,Portuguese,488
BK0925,Full Their,Lisa Taylor,Drama,1965,24,Russian,150
BK0926,Husband Government,Sarah Irwin,Folklore,2017,13,Japanese,145
BK0927,Really Art Night Admit,Marcus Solomon,Thriller,1948,7,Italian,238
BK0928,Fire,Matthew Gray,Adventure,1968,16,Arabic,176
BK0929,Able Rich,Wendy Clay,Mystery,1981,3,French,391
BK0930,Message Suffer,David Hill,Mystery,1946,26,Russian,472
BK0931,Leader Throw,Gary Gaines,History,1934,22,Italian,252
BK0932,Security Perform Add,Travis Smith,Romance,1949,28,Norwegian,575
BK0933,Agency Sign,Kenneth Chavez,Physics,2012,8,Turkish,164
BK0934,Improve Set Task,Cynthia Boone,Mythology,1965,16,Chinese,146
BK0935,Every Recent,Gregory Carr,Science,2007,1,German,254
BK0936,Forward,Linda Day MD,Art,1920,6,Portuguese,307
BK0937,Understand Foot Trade,Jessica Foster PhD,Mythology,1991,1,Hindi,337
BK0938,Network,Olivia Stephens,Folklore,1994,20,Spanish,400
BK0939,Movement Reflect Protect,Pamela Buchanan,Mystery,1900,22,Chinese,140
BK0940,Talk Serve,Laura Johnson,Folklore,1995,28,Hindi,265
BK0941,Way Attack,Cindy Green,Technology,1939,2,German,236
BK0942,Cultural Involve Watch Exist,Dylan Cervantes,Cookbook,1965,8,Arabic,437
BK0943,Miss Fish Interview More,Joseph Jefferson,History,1927,18,French,280
BK0944,Difficult Author,Anna Jackson,Mystery,1962,21,Turkish,427
BK0945,Again This Choose,Christopher Murray,Drama,1945,15,Turkish,518
BK0946,Stuff Hold,Stephen Carter,Mystery,1976,4,Japanese,586
BK0947,Indicate Firm,Brian Rojas,Mythology,1981,18,German,474
BK0948,White Back,Tracy Riley,Art,1953,24,Chinese,387
BK0949,Lay Site Society What,Peter Martinez,Adventure,1962,2,Norwegian,460
BK0950,Civil Strong,Ryan Trujillo,Historical Fiction,1901,29,Portuguese,228
BK0951,Kitchen Only,Julie Baldwin,Philosophy,1961,10,Chinese,231
BK0952,Foot Another Huge Defense,Sergio Shepard,Drama,1931,2,English,417
BK0953,Age Teacher,Molly Salinas,Cookbook,1998,17,Turkish,140
BK0954,Like,Nancy Davis,Science,1961,14,Arabic,257
BK0955,Ago,Cory Scott,Romance,2023,6,Russian,139
BK0956,Indicate Theory Better,Donald Reilly,Drama,1972,18,Russian,387
BK0957,Turn Assume Pay,Nathan Conley,Adventure,1941,10,German,149
BK0958,Ground Season,Philip Molina,Art,1964,12,French,538
BK0959,Expert Whether,Eric Ellison,Physics,2018,4,Hindi,398
BK0960,Example Consider Feeling,Kristen Rice,Cookbook,1958,26,Japanese,323
BK0961,Across Than Baby,Melissa Welch,Cookbook,2007,26,Chinese,100
BK0962,Day Program Myself,Troy Huang,Adventure,2018,29,Portuguese,533
BK0963,Benefit Generation,Kristina Estrada,Science,1954,2,Turkish,336
BK0964,Since Military,Michele Davis,Mythology,1944,14,English,403
BK0965,Politics Such Current Better,Anna Wilson,Art,1989,25,Japanese,214
BK0966,Government In Food Cause,Stacy Knight,Mystery,1953,30,French,171
BK0967,Their Product Environment Tax,Rachel Wilson,Thriller,1990,3,Japanese,350
BK0968,Name Big,Katherine Madden,Religion,1979,25,Italian,550
BK0969,I Day,James Byrd,Physics,1925,29,Hindi,363
BK0970,Learn Allow,Nancy Glass,Folklore,2003,10,German,525
BK0971,Attorney Ground Fund,Bruce Crosby,Historical Fiction,1942,5,Chinese,572
BK0972,Team,Micheal Palmer,Religion,2004,30,Italian,528
BK0973,Role Human,Justin Fox,Mystery,1948,1,Hindi,577
BK0974,West Growth,Nancy Ross,Fantasy,1992,26,Arabic,257
BK0975,Glass Child Because,Troy Jacobson,Technology,1932,3,French,501
BK0976,Agree Management,Joseph Foster,Romance,1992,17,French,347
BK0977,Herself Like Pass Politics,David Smith,Thriller,1965,17,Russian,438
BK0978,Similar Outside,Curtis Evans,Science,1970,29,Spanish,106
BK0979,Charge Financial,Christopher Riley,Mystery,1991,10,Norwegian,127
BK0980,Deal Knowledge,Matthew Boyer,Romance,1916,21,Norwegian,144
BK0981,New,Hailey Bailey,Art,1925,16,Turkish,251
BK0982,Believe Sell Explain,James Perkins,Science,1904,5,Hindi,216
BK0983,True Congress Unit,Mrs. Lori Rogers,History,1961,25,Italian,593
BK0984,Begin Message Attention,Sandra Brown,Romance,1901,27,Portuguese,410
BK0985,Single South Matter Memory,Carl Johnson,Thriller,1922,1,Japanese,548
BK0986,Better So,Sheila Gill,Physics,2020,25,Chinese,229
BK0987,Fear Right,Angela Ward,Physics,1959,16,Norwegian,114
BK0988,Way,Donna Jones,Historical Fiction,1994,25,Russian,465
BK0989,Opportunity Ago Poor,William Davis,Fantasy,1907,10,Japanese,589
BK0990,Upon Dinner Blood,Erin Johnson,Art,1913,17,Russian,442
BK0991,Specific Course,Jeffrey Gentry,Historical Fiction,1941,23,Italian,481
BK0992,Land Start,Juan Nolan,Mythology,1913,2,Turkish,346
BK0993,Idea Cup,John Martin,Religion,1915,25,Italian,317
BK0994,System Mrs Parent Practice,Daniel Wolf,Fantasy,1901,16,Russian,248
BK0995,Practice Serve,Alexandra Davis,History,1993,10,Norwegian,413
BK0996,Against Call Agree,Margaret Wilson,Physics,1916,19,Italian,165
BK0997,Admit Throw Music,Melissa Long,Drama,2022,25,Turkish,503
BK0998,Offer Unit Morning,Tara Short,Fantasy,1940,5,Arabic,342
BK0999,Rest Property,Nicholas Kline,Adventure,1929,29,French,415
BK1000,Begin,Wesley Hayes,Art,1993,11,Spanish,123
